<updates>
	<update>
		<name><![CDATA[ Phoca Cart ConcordPay Plugin ]]></name>
		<description><![CDATA[ Phoca Cart Payment - ConcordPay - payment method for Phoca Cart component. ]]></description>
		<element>concordpay</element>
		<folder>pcp</folder>
		<type>plugin</type>
		<version>1.0.0</version>
		<infourl title="Phoca Cart ConcordPay Plugin 1.0.0">https://concordpay.concord.ua</infourl>
		<downloads>
			<downloadurl type="full" format="zip">https://github.com/webdevconcord/joomla-phocacart/releases/download/1.0.0/plg_pcp_concordpay_v1.0.0.zip</downloadurl>
		</downloads>
		<tags>
			<tag>stable</tag>
		</tags>
		<maintainer><![CDATA[ ConcordPay ]]></maintainer>
		<maintainerurl>https://concordpay.concord.ua</maintainerurl>
		<section>Updates</section>
		<targetplatform name="joomla" version="4.[0]"/>
		<client>site</client>
	</update>
</updates>
